{"cameraMode":{"drawMode":0,"name":"Shaded","section":"Shading Mode"},"sceneLighting":false,"audioPlay":false,"sceneViewState":{"showFog":true,"showMaterialUpdate":false,"showSkybox":true,"showFlares":true,"showImageEffects":true,"showParticleSystems":true},"in2DMode":false,"pivot":{"x":10.090987205505371,"y":3.0285000801086427,"z":9.424432754516602},"rotation":{"x":-0.051408808678388599,"y":0.4302099049091339,"z":-0.024548538029193879,"w":-0.9009295105934143},"size":4.65637731552124,"orthographic":false}