{"cameraMode":{"drawMode":0,"name":"Shaded","section":"Shading Mode"},"sceneLighting":false,"audioPlay":false,"sceneViewState":{"showFog":true,"showMaterialUpdate":false,"showSkybox":true,"showFlares":true,"showImageEffects":true,"showParticleSystems":true},"in2DMode":false,"pivot":{"x":2123.747314453125,"y":6.647756099700928,"z":4579.54052734375},"rotation":{"x":-0.019488157704472543,"y":0.032987743616104129,"z":0.0006433434900827706,"w":0.9992656111717224},"size":95.9778060913086,"orthographic":false}