{"cameraMode":{"drawMode":0,"name":"Shaded","section":"Shading Mode"},"sceneLighting":false,"audioPlay":false,"sceneViewState":{"showFog":true,"showMaterialUpdate":false,"showSkybox":true,"showFlares":true,"showImageEffects":true,"showParticleSystems":true},"in2DMode":false,"pivot":{"x":0.0,"y":2.048353910446167,"z":-0.008342951536178589},"rotation":{"x":0.16698981821537019,"y":-0.09684061259031296,"z":0.016483474522829057,"w":0.981052815914154},"size":9.617480278015137,"orthographic":false}