{"cameraMode":{"drawMode":0,"name":"Shaded","section":"Shading Mode"},"sceneLighting":false,"audioPlay":false,"sceneViewState":{"showFog":true,"showMaterialUpdate":false,"showSkybox":true,"showFlares":true,"showImageEffects":true,"showParticleSystems":true},"in2DMode":false,"pivot":{"x":1.3523494005203248,"y":0.25,"z":-9.528092384338379},"rotation":{"x":-0.04487501457333565,"y":0.06917442381381989,"z":-0.0031148288398981096,"w":-0.9965898990631104},"size":2.4096415042877199,"orthographic":false}