{"cameraMode":{"drawMode":0,"name":"Shaded","section":"Shading Mode"},"sceneLighting":false,"audioPlay":false,"sceneViewState":{"showFog":true,"showMaterialUpdate":false,"showSkybox":true,"showFlares":true,"showImageEffects":true,"showParticleSystems":true},"in2DMode":false,"pivot":{"x":2.144498825073242,"y":1.9039793014526368,"z":0.0},"rotation":{"x":0.04769347235560417,"y":0.7054965496063232,"z":-0.04769348353147507,"w":0.7054965496063232},"size":15.723313331604004,"orthographic":false}