{"cameraMode":{"drawMode":0,"name":"Shaded","section":"Shading Mode"},"sceneLighting":false,"audioPlay":false,"sceneViewState":{"showFog":true,"showMaterialUpdate":false,"showSkybox":true,"showFlares":true,"showImageEffects":true,"showParticleSystems":true},"in2DMode":false,"pivot":{"x":4.76837158203125e-7,"y":2.0,"z":0.0000025480985641479494},"rotation":{"x":0.16698981821537019,"y":-0.09684061259031296,"z":0.016483474522829057,"w":0.981052815914154},"size":9.349637985229493,"orthographic":false}