{"cameraMode":{"drawMode":0,"name":"Shaded","section":"Shading Mode"},"sceneLighting":false,"audioPlay":false,"sceneViewState":{"showFog":true,"showMaterialUpdate":false,"showSkybox":true,"showFlares":true,"showImageEffects":true,"showParticleSystems":true},"in2DMode":false,"pivot":{"x":9.42199993133545,"y":3.2095420360565187,"z":9.055000305175782},"rotation":{"x":-0.24933001399040223,"y":0.49431154131889346,"z":-0.1504746824502945,"w":-0.8190531134605408},"size":5.94163179397583,"orthographic":false}